,title,rating,price,in-stock
0,A Light in the Attic,Three,£51.77,In stock
1,Tipping the Velvet,One,£53.74,In stock
2,Soumission,One,£50.10,In stock
3,Sharp Objects,Four,£47.82,In stock
4,Sapiens: A Brief History of Humankind,Five,£54.23,In stock
5,The Requiem Red,One,£22.65,In stock
6,The Dirty Little Secrets of Getting Your Dream Job,Four,£33.34,In stock
7,"The Coming Woman: A Novel Based on the Life of the Infamous Feminist, Victoria Woodhull",Three,£17.93,In stock
8,The Boys in the Boat: Nine Americans and Their Epic Quest for Gold at the 1936 Berlin Olympics,Four,£22.60,In stock
9,The Black Maria,One,£52.15,In stock
10,"Starving Hearts (Triangular Trade Trilogy, #1)",Two,£13.99,In stock
11,Shakespeare's Sonnets,Four,£20.66,In stock
12,Set Me Free,Five,£17.46,In stock
13,Scott Pilgrim's Precious Little Life (Scott Pilgrim #1),Five,£52.29,In stock
14,Rip it Up and Start Again,Five,£35.02,In stock
15,"Our Band Could Be Your Life: Scenes from the American Indie Underground, 1981-1991",Three,£57.25,In stock
16,Olio,One,£23.88,In stock
17,Mesaerion: The Best Science Fiction Stories 1800-1849,One,£37.59,In stock
18,Libertarianism for Beginners,Two,£51.33,In stock
19,It's Only the Himalayas,Two,£45.17,In stock
20,In Her Wake,One,£12.84,In stock
21,How Music Works,Two,£37.32,In stock
22,"Foolproof Preserving: A Guide to Small Batch Jams, Jellies, Pickles, Condiments, and More: A Foolproof Guide to Making Small Batch Jams, Jellies, Pickles, Condiments, and More",Three,£30.52,In stock
23,Chase Me (Paris Nights #2),Five,£25.27,In stock
24,Black Dust,Five,£34.53,In stock
25,Birdsong: A Story in Pictures,Three,£54.64,In stock
26,America's Cradle of Quarterbacks: Western Pennsylvania's Football Factory from Johnny Unitas to Joe Montana,Three,£22.50,In stock
27,Aladdin and His Wonderful Lamp,Three,£53.13,In stock
28,Worlds Elsewhere: Journeys Around Shakespeareâs Globe,Five,£40.30,In stock
29,Wall and Piece,Four,£44.18,In stock
30,The Four Agreements: A Practical Guide to Personal Freedom,Five,£17.66,In stock
31,The Five Love Languages: How to Express Heartfelt Commitment to Your Mate,Three,£31.05,In stock
32,The Elephant Tree,Five,£23.82,In stock
33,The Bear and the Piano,One,£36.89,In stock
34,Sophie's World,Five,£15.94,In stock
35,Penny Maybe,Three,£33.29,In stock
36,Maude (1883-1993):She Grew Up with the country,Two,£18.02,In stock
37,"In a Dark, Dark Wood",One,£19.63,In stock
38,Behind Closed Doors,Four,£52.22,In stock
39,You can't bury them all: Poems,Two,£33.63,In stock
40,Slow States of Collapse: Poems,Three,£57.31,In stock
41,Reasons to Stay Alive,Two,£26.41,In stock
42,Private Paris (Private #10),Five,£47.61,In stock
43,#HigherSelfie: Wake Up Your Life. Free Your Soul. Find Your Tribe.,Five,£23.11,In stock
44,Without Borders (Wanderlove #1),Two,£45.07,In stock
45,When We Collided,One,£31.77,In stock
46,"We Love You, Charlie Freeman",Five,£50.27,In stock
47,Untitled Collection: Sabbath Poems 2014,Four,£14.27,In stock
48,"Unseen City: The Majesty of Pigeons, the Discreet Charm of Snails & Other Wonders of the Urban Wilderness",Four,£44.18,In stock
49,Unicorn Tracks,Three,£18.78,In stock
50,"Unbound: How Eight Technologies Made Us Human, Transformed Society, and Brought Our World to the Brink",One,£25.52,In stock
51,Tsubasa: WoRLD CHRoNiCLE 2 (Tsubasa WoRLD CHRoNiCLE #2),One,£16.28,In stock
52,Throwing Rocks at the Google Bus: How Growth Became the Enemy of Prosperity,Three,£31.12,In stock
53,This One Summer,Four,£19.49,In stock
54,Thirst,Five,£17.27,In stock
55,The Torch Is Passed: A Harding Family Story,One,£19.09,In stock
56,The Secret of Dreadwillow Carse,One,£56.13,In stock
57,"The Pioneer Woman Cooks: Dinnertime: Comfort Classics, Freezer Food, 16-Minute Meals, and Other Delicious Ways to Solve Supper!",One,£56.41,In stock
58,The Past Never Ends,Four,£56.50,In stock
59,The Natural History of Us (The Fine Art of Pretending #2),Three,£45.22,In stock
60,The Nameless City (The Nameless City #1),Four,£38.16,In stock
61,The Murder That Never Was (Forensic Instincts #5),Three,£54.11,In stock
62,The Most Perfect Thing: Inside (and Outside) a Bird's Egg,Four,£42.96,In stock
63,"The Mindfulness and Acceptance Workbook for Anxiety: A Guide to Breaking Free from Anxiety, Phobias, and Worry Using Acceptance and Commitment Therapy",Four,£23.89,In stock
64,The Life-Changing Magic of Tidying Up: The Japanese Art of Decluttering and Organizing,Three,£16.77,In stock
65,"The Inefficiency Assassin: Time Management Tactics for Working Smarter, Not Longer",Five,£20.59,In stock
66,The Gutsy Girl: Escapades for Your Life of Epic Adventure,One,£37.13,In stock
67,The Electric Pencil: Drawings from Inside State Hospital No. 3,One,£56.06,In stock
68,The Death of Humanity: and the Case for Life,Four,£58.11,In stock
69,"The Bulletproof Diet: Lose up to a Pound a Day, Reclaim Energy and Focus, Upgrade Your Life",Three,£49.05,In stock
70,The Art Forger,Three,£40.76,In stock
71,The Age of Genius: The Seventeenth Century and the Birth of the Modern Mind,One,£19.73,In stock
72,The Activist's Tao Te Ching: Ancient Advice for a Modern Revolution,Five,£32.24,In stock
73,Spark Joy: An Illustrated Master Class on the Art of Organizing and Tidying Up,Four,£41.83,In stock
74,Soul Reader,Two,£39.58,In stock
75,Security,Two,£39.25,In stock
76,"Saga, Volume 6 (Saga (Collected Editions) #6)",Three,£25.02,In stock
77,"Saga, Volume 5 (Saga (Collected Editions) #5)",Two,£51.04,In stock
78,Reskilling America: Learning to Labor in the Twenty-First Century,Two,£19.83,In stock
79,"Rat Queens, Vol. 3: Demons (Rat Queens (Collected Editions) #11-15)",Three,£50.40,In stock
80,"Princess Jellyfish 2-in-1 Omnibus, Vol. 01 (Princess Jellyfish 2-in-1 Omnibus #1)",Five,£13.61,In stock
81,Princess Between Worlds (Wide-Awake Princess #5),Five,£13.34,In stock
82,"Pop Gun War, Volume 1: Gift",One,£18.97,In stock
83,"Political Suicide: Missteps, Peccadilloes, Bad Calls, Backroom Hijinx, Sordid Pasts, Rotten Breaks, and Just Plain Dumb Mistakes in the Annals of American Politics",Two,£36.28,In stock
84,Patience,Three,£10.16,In stock
85,"Outcast, Vol. 1: A Darkness Surrounds Him (Outcast #1)",Four,£15.44,In stock
86,orange: The Complete Collection 1 (orange: The Complete Collection #1),One,£48.41,In stock
87,Online Marketing for Busy Authors: A Step-By-Step Guide,One,£46.35,In stock
88,On a Midnight Clear,Three,£14.07,In stock
89,Obsidian (Lux #1),Two,£14.86,In stock
90,My Paris Kitchen: Recipes and Stories,Two,£33.37,In stock
91,Masks and Shadows,Two,£56.40,In stock
92,"Mama Tried: Traditional Italian Cooking for the Screwed, Crude, Vegan, and Tattooed",Four,£14.02,In stock
93,"Lumberjanes, Vol. 2: Friendship to the Max (Lumberjanes #5-8)",Two,£46.91,In stock
94,"Lumberjanes, Vol. 1: Beware the Kitten Holy (Lumberjanes #1-4)",Three,£45.61,In stock
95,Lumberjanes Vol. 3: A Terrible Plan (Lumberjanes #9-12),Two,£19.92,In stock
96,"Layered: Baking, Building, and Styling Spectacular Cakes",One,£40.11,In stock
97,Judo: Seven Steps to Black Belt (an Introductory Guide for Beginners),Two,£53.90,In stock
98,Join,Five,£35.67,In stock
99,In the Country We Love: My Family Divided,Four,£22.00,In stock
100,Immunity: How Elie Metchnikoff Changed the Course of Modern Medicine,Five,£57.36,In stock
101,"I Hate Fairyland, Vol. 1: Madly Ever After (I Hate Fairyland (Compilations) #1-5)",Two,£29.17,In stock
102,I am a Hero Omnibus Volume 1,Three,£54.63,In stock
103,How to Be Miserable: 40 Strategies You Already Use,One,£46.03,In stock
104,Her Backup Boyfriend (The Sorensen Family #1),One,£33.97,In stock
105,"Giant Days, Vol. 2 (Giant Days #5-8)",Two,£22.11,In stock
106,Forever and Forever: The Courtship of Henry Longfellow and Fanny Appleton,Three,£29.69,In stock
107,First and First (Five Boroughs #3),Four,£15.97,In stock
108,Fifty Shades Darker (Fifty Shades #2),One,£21.96,In stock
109,Everydata: The Misinformation Hidden in the Little Data You Consume Every Day,Two,£54.35,In stock
110,"Don't Be a Jerk: And Other Practical Advice from Dogen, Japan's Greatest Zen Master",Two,£37.97,In stock
111,Danganronpa Volume 1,Four,£51.99,In stock
112,Crown of Midnight (Throne of Glass #2),Three,£43.29,In stock
113,"Codename Baboushka, Volume 1: The Conclave of Death",Four,£36.72,In stock
114,Camp Midnight,Four,£17.08,In stock
115,Call the Nurse: True Stories of a Country Nurse on a Scottish Isle,Five,£29.14,In stock
116,Burning,Three,£28.81,In stock
117,Bossypants,Two,£49.46,In stock
118,"Bitch Planet, Vol. 1: Extraordinary Machine (Bitch Planet (Collected Editions))",Two,£37.92,In stock
119,"Avatar: The Last Airbender: Smoke and Shadow, Part 3 (Smoke and Shadow #3)",Two,£28.09,In stock
120,Algorithms to Live By: The Computer Science of Human Decisions,One,£30.81,In stock
121,A World of Flavor: Your Gluten Free Passport,One,£42.95,In stock
122,"A Piece of Sky, a Grain of Rice: A Memoir in Four Meditations",Five,£56.76,In stock
123,A Murder in Time,One,£16.64,In stock
124,A Flight of Arrows (The Pathfinders #2),Five,£55.53,In stock
125,A Fierce and Subtle Poison,Four,£28.13,In stock
126,A Court of Thorns and Roses (A Court of Thorns and Roses #1),One,£52.37,In stock
127,(Un)Qualified: How God Uses Broken People to Do Big Things,Five,£54.00,In stock
128,You Are What You Love: The Spiritual Power of Habit,Four,£21.87,In stock
129,"William Shakespeare's Star Wars: Verily, A New Hope (William Shakespeare's Star Wars #4)",Four,£43.30,In stock
130,Tuesday Nights in 1980,Two,£21.04,In stock
131,Tracing Numbers on a Train,Three,£41.60,In stock
132,Throne of Glass (Throne of Glass #1),Three,£35.07,In stock
133,Thomas Jefferson and the Tripoli Pirates: The Forgotten War That Changed American History,One,£59.64,In stock
134,Thirteen Reasons Why,One,£52.72,In stock
135,The White Cat and the Monk: A Retelling of the Poem âPangur BÃ¡nâ,Four,£58.08,In stock
136,The Wedding Dress,One,£24.12,In stock
137,The Vacationers,Four,£42.15,In stock
138,The Third Wave: An Entrepreneurâs Vision of the Future,Five,£12.61,In stock
139,The Stranger,Four,£17.44,In stock
140,The Shadow Hero (The Shadow Hero),One,£33.14,In stock
141,The Secret (The Secret #1),Four,£27.37,In stock
142,The Regional Office Is Under Attack!,Five,£51.36,In stock
143,The Psychopath Test: A Journey Through the Madness Industry,Two,£36.00,In stock
144,The Project,One,£10.65,In stock
145,The Power of Now: A Guide to Spiritual Enlightenment,Two,£43.54,In stock
146,The Omnivore's Dilemma: A Natural History of Four Meals,Two,£38.21,In stock
147,The Nerdy Nummies Cookbook: Sweet Treats for the Geek in All of Us,Five,£37.34,In stock
148,The Murder of Roger Ackroyd (Hercule Poirot #4),Four,£44.10,In stock
149,The Mistake (Off-Campus #2),Three,£43.29,In stock
150,The Matchmaker's Playbook (Wingmen Inc. #1),One,£55.85,In stock
151,The Love and Lemons Cookbook: An Apple-to-Zucchini Celebration of Impromptu Cooking,Two,£37.60,In stock
152,The Long Shadow of Small Ghosts: Murder and Memory in an American City,One,£10.97,In stock
153,The Kite Runner,Four,£41.82,In stock
154,The House by the Lake,One,£36.95,In stock
155,The Glittering Court (The Glittering Court #1),One,£44.28,In stock
156,The Girl on the Train,Two,£55.02,In stock
157,The Genius of Birds,One,£17.24,In stock
158,The Emerald Mystery,Two,£23.15,In stock
159,The Cookies & Cups Cookbook: 125+ sweet & savory recipes reminding you to Always Eat Dessert First,One,£41.25,In stock
160,The Bridge to Consciousness: I'm Writing the Bridge Between Science and Our Old and New Beliefs.,Three,£32.00,In stock
161,The Artist's Way: A Spiritual Path to Higher Creativity,Five,£38.49,In stock
162,The Art of War,Five,£33.34,In stock
163,The Argonauts,Two,£10.93,In stock
164,The 10% Entrepreneur: Live Your Startup Dream Without Quitting Your Day Job,Three,£27.55,In stock
165,Suddenly in Love (Lake Haven #1),Two,£55.99,In stock
166,Something More Than This,Four,£16.24,In stock
167,Soft Apocalypse,Two,£26.12,In stock
168,So You've Been Publicly Shamed,Two,£12.23,In stock
169,Shoe Dog: A Memoir by the Creator of NIKE,Two,£23.99,In stock
170,"Shobu Samurai, Project Aryoku (#3)",Three,£29.06,In stock
171,Secrets and Lace (Fatal Hearts #1),One,£20.27,In stock
172,Scarlett Epstein Hates It Here,Five,£43.55,In stock
173,Romero and Juliet: A Tragic Tale of Love and Zombies,One,£36.94,In stock
174,Redeeming Love,Five,£20.47,In stock
175,Poses for Artists Volume 1 - Dynamic and Sitting Poses: An Essential Reference for Figure Drawing and the Human Form,One,£41.06,In stock
176,Poems That Make Grown Women Cry,Four,£14.19,In stock
177,"Nightingale, Sing",One,£38.28,In stock
178,Night Sky with Exit Wounds,One,£41.05,In stock
179,Mrs. Houdini,Five,£30.25,In stock
180,Modern Romance,Five,£28.26,In stock
181,Miss Peregrineâs Home for Peculiar Children (Miss Peregrineâs Peculiar Children #1),One,£10.76,In stock
182,Louisa: The Extraordinary Life of Mrs. Adams,Two,£16.85,In stock
183,Little Red,Three,£13.47,In stock
184,Library of Souls (Miss Peregrineâs Peculiar Children #3),Five,£48.56,In stock
185,Large Print Heart of the Pride,Two,£19.15,In stock
186,I Had a Nice Time And Other Lies...: How to find love & sh*t like that,Four,£57.36,In stock
187,Hollow City (Miss Peregrineâs Peculiar Children #2),One,£42.98,In stock
188,Grumbles,Two,£22.16,In stock
189,Full Moon over Noahâs Ark: An Odyssey to Mount Ararat and Beyond,Four,£49.43,In stock
190,Frostbite (Vampire Academy #2),Five,£29.99,In stock
191,Follow You Home,One,£21.36,In stock
192,First Steps for New Christians (Print Edition),One,£29.00,In stock
193,Finders Keepers (Bill Hodges Trilogy #2),Five,£53.53,In stock
194,"Fables, Vol. 1: Legends in Exile (Fables #1)",Four,£41.62,In stock
195,Eureka Trivia 6.0,Four,£54.59,In stock
196,Drive: The Surprising Truth About What Motivates Us,Four,£34.95,In stock
197,Done Rubbed Out (Reightman & Bailey #1),Five,£37.72,In stock
198,Doing It Over (Most Likely To #1),Three,£35.61,In stock
199,"Deliciously Ella Every Day: Quick and Easy Recipes for Gluten-Free Snacks, Packed Lunches, and Simple Meals",Three,£42.16,In stock
200,Dark Notes,Five,£19.19,In stock
201,"Daring Greatly: How the Courage to Be Vulnerable Transforms the Way We Live, Love, Parent, and Lead",Three,£19.43,In stock
202,Close to You,Four,£49.46,In stock
203,Chasing Heaven: What Dying Taught Me About Living,Two,£37.80,In stock
204,Big Magic: Creative Living Beyond Fear,Three,£30.80,In stock
205,Becoming Wise: An Inquiry into the Mystery and Art of Living,Two,£27.43,In stock
206,Beauty Restored (Riley Family Legacy Novellas #3),Two,£11.11,In stock
207,Batman: The Long Halloween (Batman),Two,£36.50,In stock
208,Batman: The Dark Knight Returns (Batman),Five,£15.38,In stock
209,Ayumi's Violin,Two,£15.48,In stock
210,Anonymous,Four,£46.82,In stock
211,Amy Meets the Saints and Sages,Three,£18.46,In stock
212,Amid the Chaos,One,£36.58,In stock
213,Amatus,Five,£50.54,In stock
214,Agnostic: A Spirited Manifesto,Five,£12.51,In stock
215,Zealot: The Life and Times of Jesus of Nazareth,Three,£24.70,In stock
216,You (You #1),Five,£43.61,In stock
217,"Wonder Woman: Earth One, Volume One (Wonder Woman: Earth One #1)",Four,£37.34,In stock
218,Wild Swans,Two,£14.36,In stock
219,Why the Right Went Wrong: Conservatism--From Goldwater to the Tea Party and Beyond,Four,£52.65,In stock
220,Whole Lotta Creativity Going On: 60 Fun and Unusual Exercises to Awaken and Strengthen Your Creativity,Four,£38.20,In stock
221,What's It Like in Space?: Stories from Astronauts Who've Been There,Two,£19.60,In stock
222,"We Are Robin, Vol. 1: The Vigilante Business (We Are Robin #1)",One,£53.90,In stock
223,Walt Disney's Alice in Wonderland,Five,£12.96,In stock
224,V for Vendetta (V for Vendetta Complete),Four,£37.10,In stock
225,Until Friday Night (The Field Party #1),Two,£46.31,In stock
226,"Unbroken: A World War II Story of Survival, Resilience, and Redemption",Two,£45.95,In stock
227,Twenty Yawns,Two,£22.08,In stock
228,Through the Woods,Two,£25.38,In stock
229,This Is Where It Ends,Two,£27.12,In stock
230,The Year of Magical Thinking,Two,£43.04,In stock
231,The Wright Brothers,Four,£56.80,In stock
232,The White Queen (The Cousins' War #1),Five,£25.91,In stock
233,The Wedding Pact (The O'Malleys #2),Three,£32.61,In stock
234,The Time Keeper,Five,£27.88,In stock
235,The Testament of Mary,Four,£52.67,In stock
236,The Star-Touched Queen,Five,£46.02,In stock
237,The Songs of the Gods,Five,£44.48,In stock
238,The Song of Achilles,Five,£37.40,In stock
239,The Rosie Project (Don Tillman #1),One,£54.04,In stock
240,The Power of Habit: Why We Do What We Do in Life and Business,Three,£16.88,In stock
241,The Marriage of Opposites,Four,£28.08,In stock
242,The Lucifer Effect: Understanding How Good People Turn Evil,One,£10.40,In stock
243,The Long Haul (Diary of a Wimpy Kid #9),One,£44.07,In stock
244,The Loney,One,£23.40,In stock
245,The Literature Book (Big Ideas Simply Explained),Three,£17.43,In stock
246,The Last Mile (Amos Decker #2),Two,£54.21,In stock
247,The Immortal Life of Henrietta Lacks,Two,£40.67,In stock
248,The Hidden Oracle (The Trials of Apollo #1),Two,£52.26,In stock
249,The Help Yourself Cookbook for Kids: 60 Easy Plant-Based Recipes Kids Can Make to Stay Healthy and Save the Earth,Three,£28.77,In stock
250,The Guilty (Will Robie #4),Two,£13.82,In stock
251,The First Hostage (J.B. Collins #2),Three,£25.85,In stock
252,The Dovekeepers,One,£48.78,In stock
253,The Darkest Lie,Five,£35.35,In stock
254,The Bane Chronicles (The Bane Chronicles #1-11),Four,£44.73,In stock
255,The Bad-Ass Librarians of Timbuktu: And Their Race to Save the Worldâs Most Precious Manuscripts,One,£15.77,In stock
256,The 14th Colony (Cotton Malone #11),One,£39.24,In stock
257,That Darkness (Gardiner and Renner #1),One,£13.92,In stock
258,Tastes Like Fear (DI Marnie Rome #3),One,£10.69,In stock
259,Take Me with You,Three,£45.21,In stock
260,Swell: A Year of Waves,One,£45.58,In stock
261,Superman Vol. 1: Before Truth (Superman by Gene Luen Yang #1),Five,£11.89,In stock
262,Still Life with Bread Crumbs,Three,£26.41,In stock
263,Steve Jobs,Five,£39.50,In stock
264,Sorting the Beef from the Bull: The Science of Food Fraud Forensics,Four,£44.74,In stock
265,Someone Like You (The Harrisons #2),Five,£52.79,In stock
266,"So Cute It Hurts!!, Vol. 6 (So Cute It Hurts!! #6)",Four,£35.43,In stock
267,Shtum,Four,£55.84,In stock
268,See America: A Celebration of Our National Parks & Treasured Sites,Three,£48.87,In stock
269,salt.,Four,£46.78,In stock
270,Robin War,Three,£47.82,In stock
271,"Red Hood/Arsenal, Vol. 1: Open for Business (Red Hood/Arsenal #1)",Two,£25.48,In stock
272,Rain Fish,Three,£23.57,In stock
273,"Quarter Life Poetry: Poems for the Young, Broke and Hangry",Five,£50.89,In stock
274,Pet Sematary,Three,£10.56,In stock
275,"Overload: How to Unplug, Unwind, and Unleash Yourself from the Pressure of Stress",Three,£52.15,In stock
276,Once Was a Time,Two,£18.28,In stock
277,Old School (Diary of a Wimpy Kid #10),Five,£11.83,In stock
278,No Dream Is Too High: Life Lessons From a Man Who Walked on the Moon,Two,£21.95,In stock
279,"Naruto (3-in-1 Edition), Vol. 14: Includes Vols. 40, 41 & 42 (Naruto: Omnibus #14)",Two,£38.39,In stock
280,My Name Is Lucy Barton,One,£41.56,In stock
281,My Mrs. Brown,Three,£24.48,In stock
282,My Kind of Crazy,One,£40.36,In stock
283,Mr. Mercedes (Bill Hodges Trilogy #1),One,£28.90,In stock
284,More Than Music (Chasing the Dream #1),Two,£37.61,In stock
285,Made to Stick: Why Some Ideas Survive and Others Die,Five,£38.85,In stock
286,Luis Paints the World,Three,£53.95,In stock
287,Luckiest Girl Alive,Three,£49.83,In stock
288,Lowriders to the Center of the Earth (Lowriders in Space #2),Two,£51.51,In stock
289,Love Is a Mix Tape (Music #1),One,£18.03,In stock
290,Looking for Lovely: Collecting the Moments that Matter,Five,£29.14,In stock
291,"Living Leadership by Insight: A Good Leader Achieves, a Great Leader Builds Monuments",Four,£46.91,In stock
292,Let It Out: A Journey Through Journaling,Five,£26.79,In stock
293,Lady Midnight (The Dark Artifices #1),Five,£16.28,In stock
294,"It's All Easy: Healthy, Delicious Weeknight Meals in under 30 Minutes",One,£19.55,In stock
295,Island of Dragons (Unwanteds #7),One,£29.65,In stock
296,I Know What I'm Doing -- and Other Lies I Tell Myself: Dispatches from a Life Under Construction,Four,£25.98,In stock
297,I Am Pilgrim (Pilgrim #1),Four,£10.60,In stock
298,"Hyperbole and a Half: Unfortunate Situations, Flawed Coping Mechanisms, Mayhem, and Other Things That Happened",Five,£14.75,In stock
299,"Hush, Hush (Hush, Hush #1)",Three,£47.02,In stock
300,Hold Your Breath (Search and Rescue #1),One,£28.82,In stock
301,Hamilton: The Revolution,Three,£58.79,In stock
302,Greek Mythic History,Five,£10.23,In stock
303,God: The Most Unpleasant Character in All Fiction,Five,£30.03,In stock
304,Glory over Everything: Beyond The Kitchen House,Three,£45.84,In stock
305,Feathers: Displays of Brilliant Plumage,Three,£49.05,In stock
306,"Far & Away: Places on the Brink of Change: Seven Continents, Twenty-Five Years",Four,£15.06,In stock
307,Every Last Word,Three,£46.47,In stock
308,Eligible (The Austen Project #4),Three,£27.09,In stock
309,El Deafo,Five,£57.62,In stock
310,Eight Hundred Grapes,Four,£14.39,In stock
311,"Eaternity: More than 150 Deliciously Easy Vegan Recipes for a Long, Healthy, Satisfied, Joyful Life",Five,£51.75,In stock
312,"Eat Fat, Get Thin",Two,£54.07,In stock
313,Don't Get Caught,One,£55.35,In stock
314,Doctor Sleep (The Shining #2),Two,£40.12,In stock
315,Demigods & Magicians: Percy and Annabeth Meet the Kanes (Percy Jackson & Kane Chronicles Crossover #1-3),Five,£37.51,In stock
316,Dear Mr. Knightley,Five,£11.21,In stock
317,Daily Fantasy Sports,One,£36.58,In stock
318,Crazy Love: Overwhelmed by a Relentless God,Two,£47.72,In stock
319,Cometh the Hour (The Clifton Chronicles #6),Three,£25.01,In stock
320,Code Name Verity (Code Name Verity #1),Four,£22.13,In stock
321,Clockwork Angel (The Infernal Devices #1),One,£44.14,In stock
322,City of Glass (The Mortal Instruments #3),Four,£56.02,In stock
323,City of Fallen Angels (The Mortal Instruments #4),Four,£11.23,In stock
324,City of Bones (The Mortal Instruments #1),One,£43.28,In stock
325,City of Ashes (The Mortal Instruments #2),One,£47.27,In stock
326,Cell,Four,£20.29,In stock
327,Catching Jordan (Hundred Oaks),Three,£50.83,In stock
328,"Carry On, Warrior: Thoughts on Life Unarmed",Three,£31.85,In stock
329,Carrie,Two,£46.23,In stock
330,Buying In: The Secret Dialogue Between What We Buy and Who We Are,Four,£37.80,In stock
331,Brain on Fire: My Month of Madness,Five,£49.32,In stock
332,Batman: Europa,Two,£32.01,In stock
333,Barefoot Contessa Back to Basics,One,£28.01,In stock
334,Barefoot Contessa at Home: Everyday Recipes You'll Make Over and Over Again,Five,£50.62,In stock
335,Balloon Animals,Three,£17.03,In stock
336,Art Ops Vol. 1,Three,£48.80,In stock
337,Aristotle and Dante Discover the Secrets of the Universe (Aristotle and Dante Discover the Secrets of the Universe #1),Four,£58.14,In stock
338,Angels Walking (Angels Walking #1),Two,£34.20,In stock
339,Angels & Demons (Robert Langdon #1),Three,£51.48,In stock
340,All the Light We Cannot See,Five,£29.87,In stock
341,"Adulthood Is a Myth: A ""Sarah's Scribbles"" Collection",Two,£10.90,In stock
342,Abstract City,Five,£56.37,In stock
343,A Time of Torment (Charlie Parker #14),Five,£48.35,In stock
344,A Study in Scarlet (Sherlock Holmes #1),Two,£16.73,In stock
345,"A Series of Catastrophes and Miracles: A True Story of Love, Science, and Cancer",Two,£56.48,In stock
346,A People's History of the United States,Two,£40.79,In stock
347,A Man Called Ove,One,£39.72,In stock
348,A Distant Mirror: The Calamitous 14th Century,Three,£14.58,In stock
349,A Brush of Wings (Angels Walking #3),One,£55.51,In stock
350,1491: New Revelations of the Americas Before Columbus,Three,£21.80,In stock
351,"The Three Searches, Meaning, and the Story",Three,£13.33,In stock
352,Searching for Meaning in Gailana,One,£38.73,In stock
353,Rook,Four,£37.86,In stock
354,My Kitchen Year: 136 Recipes That Saved My Life,Two,£11.53,In stock
355,13 Hours: The Inside Account of What Really Happened In Benghazi,One,£27.06,In stock
356,Will You Won't You Want Me?,Three,£13.86,In stock
357,Tipping Point for Planet Earth: How Close Are We to the Edge?,One,£37.55,In stock
358,The Star-Touched Queen,Five,£32.30,In stock
359,The Silent Sister (Riley MacPherson #1),Five,£46.29,In stock
360,The Midnight Watch: A Novel of the Titanic and the Californian,One,£26.20,In stock
361,The Lonely City: Adventures in the Art of Being Alone,Two,£33.26,In stock
362,The Gray Rhino: How to Recognize and Act on the Obvious Dangers We Ignore,Four,£59.15,In stock
363,The Golden Condom: And Other Essays on Love Lost and Found,One,£39.43,In stock
364,The Epidemic (The Program 0.6),Five,£14.44,In stock
365,The Dinner Party,Two,£56.54,In stock
366,The Diary of a Young Girl,Three,£59.90,In stock
367,The Children,Three,£11.88,In stock
368,Stars Above (The Lunar Chronicles #4.5),Two,£48.05,In stock
369,Snatched: How A Drug Queen Went Undercover for the DEA and Was Kidnapped By Colombian Guerillas,Three,£21.21,In stock
370,Raspberry Pi Electronics Projects for the Evil Genius,Four,£49.67,In stock
371,Quench Your Own Thirst: Business Lessons Learned Over a Beer or Two,One,£43.14,In stock
372,Psycho: Sanitarium (Psycho #1.5),Five,£36.97,In stock
373,Poisonous (Max Revere Novels #3),Three,£26.80,In stock
374,One with You (Crossfire #5),Four,£15.71,In stock
375,No Love Allowed (Dodge Cove #1),Four,£54.65,In stock
376,Murder at the 42nd Street Library (Raymond Ambler #1),Four,£54.36,In stock
377,Most Wanted,Three,£35.28,In stock
378,"Love, Lies and Spies",Two,£20.55,In stock
379,How to Speak Golf: An Illustrated Guide to Links Lingo,Five,£58.32,In stock
380,Hide Away (Eve Duncan #20),One,£11.84,In stock
381,Furiously Happy: A Funny Book About Horrible Things,Four,£41.46,In stock
382,Everyday Italian: 125 Simple and Delicious Recipes,Five,£20.10,In stock
383,Equal Is Unfair: America's Misguided Fight Against Income Inequality,One,£56.86,In stock
384,Eleanor & Park,Five,£56.51,In stock
385,Dirty (Dive Bar #1),Four,£40.83,In stock
386,Can You Keep a Secret? (Fear Street Relaunch #4),One,£48.64,In stock
387,Boar Island (Anna Pigeon #19),Three,£59.48,In stock
388,A Paris Apartment,Four,£39.01,In stock
389,"A la Mode: 120 Recipes in 60 Pairings: Pies, Tarts, Cakes, Crisps, and More Topped with Ice Cream, Gelato, Frozen Custard, and More",One,£38.77,In stock
390,Troublemaker: Surviving Hollywood and Scientology,Two,£48.39,In stock
391,The Widow,Two,£27.26,In stock
392,"The Sleep Revolution: Transforming Your Life, One Night at a Time",Four,£11.68,In stock
393,The Improbability of Love,One,£59.45,In stock
394,The Art of Startup Fundraising,Three,£21.00,In stock
395,Take Me Home Tonight (Rock Star Romance #3),Three,£53.98,In stock
396,Sleeping Giants (Themis Files #1),One,£48.74,In stock
397,"Setting the World on Fire: The Brief, Astonishing Life of St. Catherine of Siena",Two,£21.15,In stock
398,Playing with Fire,Three,£13.71,In stock
399,Off the Hook (Fishing for Trouble #1),Three,£47.67,In stock
400,Mothering Sunday,Two,£13.34,In stock
401,"Mother, Can You Not?",Five,£16.89,In stock
402,M Train,One,£27.18,In stock
403,Lilac Girls,Two,£17.28,In stock
404,Lies and Other Acts of Love,One,£45.14,In stock
405,Lab Girl,One,£40.85,In stock
406,Keep Me Posted,Four,£20.46,In stock
407,It Didn't Start with You: How Inherited Family Trauma Shapes Who We Are and How to End the Cycle,Three,£56.27,In stock
408,Grey (Fifty Shades #4),Four,£48.49,In stock
409,"Exit, Pursued by a Bear",Four,£51.34,In stock
410,Daredevils,Three,£16.34,In stock
411,Cravings: Recipes for What You Want to Eat,Three,£20.50,In stock
412,Born for This: How to Find the Work You Were Meant to Do,Five,£21.59,In stock
413,Arena,Four,£21.36,In stock
414,Adultery,Five,£20.88,In stock
415,A Mother's Reckoning: Living in the Aftermath of Tragedy,Three,£19.53,In stock
416,A Gentleman's Position (Society of Gentlemen #3),Five,£14.75,In stock
417,11/22/63,Three,£48.48,In stock
418,"10% Happier: How I Tamed the Voice in My Head, Reduced Stress Without Losing My Edge, and Found Self-Help That Actually Works",Two,£24.57,In stock
419,10-Day Green Smoothie Cleanse: Lose Up to 15 Pounds in 10 Days!,Five,£49.71,In stock
420,Without Shame,Five,£48.27,In stock
421,Watchmen,Four,£58.05,In stock
422,Unlimited Intuition Now,Four,£58.87,In stock
423,Underlying Notes,Two,£11.82,In stock
424,The Shack,One,£28.03,In stock
425,The New Brand You: Your New Image Makes the Sale for You,Five,£44.05,In stock
426,"The Moosewood Cookbook: Recipes from Moosewood Restaurant, Ithaca, New York",Four,£12.34,In stock
427,The Flowers Lied,Two,£16.68,In stock
428,"The Fabric of the Cosmos: Space, Time, and the Texture of Reality",One,£55.91,In stock
429,The Book of Mormon,Three,£24.57,In stock
430,The Art and Science of Low Carbohydrate Living,Five,£52.98,In stock
431,The Alien Club,One,£54.40,In stock
432,Suzie Snowflake: One beautiful flake (a self-esteem story),Five,£54.81,In stock
433,Nap-a-Roo,One,£25.08,In stock
434,"NaNo What Now? Finding your editing process, revising your NaNoWriMo book and building a writing career through publishing and beyond",Four,£10.41,In stock
435,Modern Day Fables,Two,£47.44,In stock
436,If I Gave You God's Phone Number....: Searching for Spirituality in America,One,£20.91,In stock
437,"Fruits Basket, Vol. 9 (Fruits Basket #9)",Four,£33.95,In stock
438,Dress Your Family in Corduroy and Denim,Three,£43.68,In stock
439,Don't Forget Steven,One,£33.23,In stock
440,Chernobyl 01:23:40: The Incredible True Story of the World's Worst Nuclear Disaster,Two,£35.92,In stock
441,Art and Fear: Observations on the Perils (and Rewards) of Artmaking,Four,£48.63,In stock
442,A Shard of Ice (The Black Symphony Saga #1),Three,£56.63,In stock
443,A Hero's Curse (The Unseen Chronicles #1),Three,£50.49,In stock
444,23 Degrees South: A Tropical Tale of Changing Whether...,Two,£35.79,In stock
445,"Zero to One: Notes on Startups, or How to Build the Future",Three,£34.06,In stock
446,Why Not Me?,One,£17.76,In stock
447,When Breath Becomes Air,Two,£39.36,In stock
448,Vagabonding: An Uncommon Guide to the Art of Long-Term World Travel,Two,£36.94,In stock
449,The Unlikely Pilgrimage of Harold Fry (Harold Fry #1),Five,£43.62,In stock
450,The New Drawing on the Right Side of the Brain,Three,£43.02,In stock
451,"The Midnight Assassin: Panic, Scandal, and the Hunt for America's First Serial Killer",Four,£28.45,In stock
452,The Martian (The Martian #1),Two,£41.39,In stock
453,The High Mountains of Portugal,One,£51.15,In stock
454,The Grownup,One,£35.88,In stock
455,The E-Myth Revisited: Why Most Small Businesses Don't Work and What to Do About It,One,£36.91,In stock
456,South of Sunshine,One,£28.93,In stock
457,Smarter Faster Better: The Secrets of Being Productive in Life and Business,Five,£38.89,In stock
458,Silence in the Dark (Logan Point #4),Three,£58.33,In stock
459,Shadows of the Past (Logan Point #1),Five,£39.67,In stock
460,Roller Girl,Five,£14.10,In stock
461,Rising Strong,Three,£21.82,In stock
462,Proofs of God: Classical Arguments from Tertullian to Barth,One,£54.21,In stock
463,Please Kill Me: The Uncensored Oral History of Punk,Four,£31.19,In stock
464,Out of Print: City Lights Spotlight No. 14,Five,£53.64,In stock
465,My Life Next Door (My Life Next Door ),Five,£36.39,In stock
466,Miller's Valley,Two,£58.54,In stock
467,Man's Search for Meaning,Three,£29.48,In stock
468,"Love That Boy: What Two Presidents, Eight Road Trips, and My Son Taught Me About a Parent's Expectations",Two,£25.06,In stock
469,Living Forward: A Proven Plan to Stop Drifting and Get the Life You Want,Three,£12.55,In stock
470,Les Fleurs du Mal,Five,£29.04,In stock
471,Left Behind (Left Behind #1),Two,£40.72,In stock
472,Kill 'Em and Leave: Searching for James Brown and the American Soul,Five,£45.05,In stock
473,Kierkegaard: A Christian Missionary to Christians,One,£47.13,In stock
474,John Vassos: Industrial Design for Modern Life,Four,£20.22,In stock
475,I'll Give You the Sun,One,£56.48,In stock
476,I Will Find You,One,£44.21,In stock
477,Hystopia: A Novel,Four,£21.96,In stock
478,Howl and Other Poems,Two,£40.45,In stock
479,History of Beauty,Four,£10.29,In stock
480,Heaven is for Real: A Little Boy's Astounding Story of His Trip to Heaven and Back,Two,£52.86,In stock
481,Future Shock (Future Shock #1),Five,£55.65,In stock
482,Ender's Game (The Ender Quintet #1),One,£43.64,In stock
483,Diary of a Citizen Scientist: Chasing Tiger Beetles and Other New Ways of Engaging the World,One,£28.41,In stock
484,Death by Leisure: A Cautionary Tale,Four,£37.51,In stock
485,Brilliant Beacons: A History of the American Lighthouse,Three,£11.45,In stock
486,Brazen: The Courage to Find the You That's Been Hiding,Two,£19.22,In stock
487,Between the World and Me,Four,£56.91,In stock
488,Being Mortal: Medicine and What Matters in the End,Four,£55.06,In stock
489,"A Murder Over a Girl: Justice, Gender, Junior High",Three,£13.20,In stock
490,32 Yolks,Two,£53.63,In stock
491,"""Most Blessed of the Patriarchs"": Thomas Jefferson and the Empire of the Imagination",Five,£44.48,In stock
492,You Are a Badass: How to Stop Doubting Your Greatness and Start Living an Awesome Life,Three,£12.08,In stock
493,Wildlife of New York: A Five-Borough Coloring Book,Two,£22.14,In stock
494,What Happened on Beale Street (Secrets of the South Mysteries #2),Five,£25.37,In stock
495,Unreasonable Hope: Finding Faith in the God Who Brings Purpose to Your Pain,Two,£46.33,In stock
496,Under the Tuscan Sun,Three,£37.33,In stock
497,Toddlers Are A**holes: It's Not Your Fault,One,£25.55,In stock
498,The Year of Living Biblically: One Man's Humble Quest to Follow the Bible as Literally as Possible,One,£34.72,In stock
499,The Whale,Four,£35.96,In stock
500,The Story of Art,Four,£41.14,In stock
501,The Origin of Species,Four,£10.01,In stock
502,The Great Gatsby,Four,£36.05,In stock
503,The Good Girl,Three,£49.03,In stock
504,The Glass Castle,One,£16.24,In stock
505,The Faith of Christopher Hitchens: The Restless Soul of the World's Most Notorious Atheist,One,£39.55,In stock
506,The Drowning Girls,Three,£35.67,In stock
507,The Constant Princess (The Tudor Court #1),Three,£16.62,In stock
508,The Bourne Identity (Jason Bourne #1),Four,£42.78,In stock
509,The Bachelor Girl's Guide to Murder (Herringford and Watts Mysteries #1),Five,£52.30,In stock
510,The Art Book,Two,£32.34,In stock
511,The 7 Habits of Highly Effective People: Powerful Lessons in Personal Change,Four,£33.17,In stock
512,Team of Rivals: The Political Genius of Abraham Lincoln,Five,£20.12,In stock
513,Steal Like an Artist: 10 Things Nobody Told You About Being Creative,Two,£20.90,In stock
514,"Sit, Stay, Love",Three,£20.90,In stock
515,Sister Dear,Four,£40.20,In stock
516,"Shrunken Treasures: Literary Classics, Short, Sweet, and Silly",Three,£52.87,In stock
517,"Rich Dad, Poor Dad",One,£51.74,In stock
518,Raymie Nightingale,Two,£34.41,In stock
519,Playing from the Heart,One,£32.38,In stock
520,Nightstruck: A Novel,Four,£50.35,In stock
521,"Naturally Lean: 125 Nourishing Gluten-Free, Plant-Based Recipes--All Under 300 Calories",Five,£11.38,In stock
522,Meternity,Three,£43.58,In stock
523,Memoirs of a Geisha,Three,£49.67,In stock
524,Like Never Before (Walker Family #2),Two,£28.77,In stock
525,Life of Pi,Four,£13.22,In stock
526,Leave This Song Behind: Teen Poetry at Its Best,Five,£51.17,In stock
527,King's Folly (The Kinsman Chronicles #1),Five,£39.61,In stock
528,John Adams,Four,£57.43,In stock
529,How to Cook Everything Vegetarian: Simple Meatless Recipes for Great Food (How to Cook Everything),Four,£46.01,In stock
530,How to Be a Domestic Goddess: Baking and the Art of Comfort Cooking,Two,£28.25,In stock
531,Good in Bed (Cannie Shapiro #1),Five,£37.05,In stock
532,"Fruits Basket, Vol. 7 (Fruits Basket #7)",One,£19.57,In stock
533,For the Love: Fighting for Grace in a World of Impossible Standards,Three,£45.13,In stock
534,Finding God in the Ruins: How God Redeems Pain,Two,£46.64,In stock
535,Every Heart a Doorway (Every Heart A Doorway #1),Five,£12.16,In stock
536,Delivering the Truth (Quaker Midwife Mystery #1),Four,£20.89,In stock
537,Counted With the Stars (Out from Egypt #1),Five,£17.97,In stock
538,"Chronicles, Vol. 1",Two,£52.60,In stock
539,Blue Like Jazz: Nonreligious Thoughts on Christian Spirituality,One,£25.77,In stock
540,Benjamin Franklin: An American Life,Three,£48.19,In stock
541,"At The Existentialist CafÃ©: Freedom, Being, and apricot cocktails with: Jean-Paul Sartre, Simone de Beauvoir, Albert Camus, Martin Heidegger, Edmund Husserl, Karl Jaspers, Maurice Merleau-Ponty and others",Five,£29.93,In stock
542,A Summer In Europe,Two,£44.34,In stock
543,A Short History of Nearly Everything,Five,£52.40,In stock
544,A Gathering of Shadows (Shades of Magic #2),Four,£44.81,In stock
545,The Sound Of Love,Five,£57.84,In stock
546,The Rise and Fall of the Third Reich: A History of Nazi Germany,Two,£39.67,In stock
547,The Perks of Being a Wallflower,Three,£55.02,In stock
548,The Mysterious Affair at Styles (Hercule Poirot #1),Four,£24.80,In stock
549,The Man Who Mistook His Wife for a Hat and Other Clinical Tales,Four,£59.45,In stock
550,The Makings of a Fatherless Child,Two,£31.58,In stock
551,The Joy of Cooking,Four,£43.27,In stock
552,The Invention of Wings,One,£37.34,In stock
553,The Hobbit (Middle-Earth Universe),Five,£17.80,In stock
554,The Great Railway Bazaar,One,£30.54,In stock
555,The Golden Compass (His Dark Materials #1),One,£18.77,In stock
556,The God Delusion,Three,£46.85,In stock
557,The Girl You Left Behind (The Girl You Left Behind #1),One,£15.79,In stock
558,The Fellowship of the Ring (The Lord of the Rings #1),Two,£10.27,In stock
559,The Collected Poems of W.B. Yeats (The Collected Works of W.B. Yeats #1),Five,£15.42,In stock
560,The Barefoot Contessa Cookbook,Five,£59.92,In stock
561,Tell the Wolves I'm Home,Two,£50.96,In stock
562,Ship Leaves Harbor: Essays on Travel by a Recovering Journeyman,Three,£30.60,In stock
563,Pride and Prejudice,Four,£19.27,In stock
564,Musicophilia: Tales of Music and the Brain,One,£46.58,In stock
565,Mere Christianity,Three,£48.51,In stock
566,Me Before You (Me Before You #1),One,£19.02,In stock
567,In the Woods (Dublin Murder Squad #1),Two,£38.38,In stock
568,In Cold Blood,Four,£49.98,In stock
569,How to Stop Worrying and Start Living,Five,£46.49,In stock
570,Give It Back,Two,£18.32,In stock
571,"Girl, Interrupted",Three,£42.14,In stock
572,Fun Home: A Family Tragicomic,Four,£56.59,In stock
573,"Fruits Basket, Vol. 6 (Fruits Basket #6)",Four,£20.96,In stock
574,Deception Point,Four,£40.32,In stock
575,"Death Note, Vol. 6: Give-and-Take (Death Note #6)",Three,£36.39,In stock
576,Catherine the Great: Portrait of a Woman,Four,£58.55,In stock
577,Better Homes and Gardens New Cook Book,Three,£39.61,In stock
578,An Unquiet Mind: A Memoir of Moods and Madness,Three,£21.30,In stock
579,A Year in Provence (Provence #1),Four,£56.88,In stock
580,World Without End (The Pillars of the Earth #2),Four,£32.97,In stock
581,"Will Grayson, Will Grayson (Will Grayson, Will Grayson)",Four,£47.31,In stock
582,Why Save the Bankers?: And Other Essays on Our Economic and Political Crisis,Two,£48.67,In stock
583,Where She Went (If I Stay #2),Four,£41.73,In stock
584,What If?: Serious Scientific Answers to Absurd Hypothetical Questions,Four,£53.68,In stock
585,Two Summers,One,£14.64,In stock
586,This Is Your Brain on Music: The Science of a Human Obsession,One,£38.40,In stock
587,The Secret Garden,Four,£15.08,In stock
588,The Raven King (The Raven Cycle #4),Two,£30.57,In stock
589,The Raven Boys (The Raven Cycle #1),Four,£57.74,In stock
590,The Power Greens Cookbook: 140 Delicious Superfood Recipes,Five,£11.05,In stock
591,The Metamorphosis,One,£28.58,In stock
592,The Mathews Men: Seven Brothers and the War Against Hitler's U-boats,Five,£42.91,In stock
593,The Little Paris Bookshop,Three,£24.73,In stock
594,The Hiding Place,Four,£55.91,In stock
595,The Grand Design,Three,£13.76,In stock
596,The Firm,Three,£45.56,In stock
597,The Fault in Our Stars,One,£47.22,In stock
598,The False Prince (The Ascendance Trilogy #1),Five,£56.00,In stock
599,The Expatriates,Two,£44.58,In stock
600,The Dream Thieves (The Raven Cycle #2),One,£34.50,In stock
601,The Darkest Corners,Five,£11.33,In stock
602,The Crossover,Four,£38.77,In stock
603,The 5th Wave (The 5th Wave #1),Two,£11.83,In stock
604,Tell the Wind and Fire,Three,£45.51,In stock
605,Tell Me Three Things,One,£41.81,In stock
606,Talking to Girls About Duran Duran: One Young Man's Quest for True Love and a Cooler Haircut,Four,£25.15,In stock
607,Siddhartha,Five,£34.22,In stock
608,Shiver (The Wolves of Mercy Falls #1),Five,£16.23,In stock
609,Remember Me?,Three,£11.48,In stock
610,Red Dragon (Hannibal Lecter #1),Three,£23.37,In stock
611,Peak: Secrets from the New Science of Expertise,Two,£16.28,In stock
612,My Mother Was Nuts,Four,£31.63,In stock
613,Mexican Today: New and Rediscovered Recipes for Contemporary Kitchens,Five,£24.91,In stock
614,Maybe Something Beautiful: How Art Transformed a Neighborhood,One,£22.54,In stock
615,Lola and the Boy Next Door (Anna and the French Kiss #2),Four,£23.63,In stock
616,Logan Kade (Fallen Crest High #5.5),Two,£13.12,In stock
617,Last One Home (New Beginnings #1),Three,£59.98,In stock
618,Killing Floor (Jack Reacher #1),Four,£31.49,In stock
619,Kill the Boy Band,Five,£15.52,In stock
620,Isla and the Happily Ever After (Anna and the French Kiss #3),Five,£48.13,In stock
621,If I Stay (If I Stay #1),Five,£38.13,In stock
622,I Know Why the Caged Bird Sings (Maya Angelou's Autobiography #1),Two,£36.55,In stock
623,Harry Potter and the Deathly Hallows (Harry Potter #7),One,£23.32,In stock
624,"Fruits Basket, Vol. 5 (Fruits Basket #5)",One,£16.33,In stock
625,Foundation (Foundation (Publication Order) #1),One,£32.42,In stock
626,Fool Me Once,One,£16.96,In stock
627,Find Her (Detective D.D. Warren #8),One,£22.37,In stock
628,Evicted: Poverty and Profit in the American City,One,£42.27,In stock
629,Drama,Two,£38.70,In stock
630,Dracula the Un-Dead,Five,£35.63,In stock
631,Digital Fortress,Five,£58.00,In stock
632,"Death Note, Vol. 5: Whiteout (Death Note #5)",One,£52.41,In stock
633,"Data, A Love Story: How I Gamed Online Dating to Meet My Match",Three,£32.35,In stock
634,Critique of Pure Reason,One,£20.75,In stock
635,Booked,Five,£17.49,In stock
636,"Blue Lily, Lily Blue (The Raven Cycle #3)",Five,£34.13,In stock
637,Approval Junkie: Adventures in Caring Too Much,Five,£58.81,In stock
638,An Abundance of Katherines,Five,£10.00,In stock
639,America's War for the Greater Middle East: A Military History,Two,£51.22,In stock
640,Alight (The Generations Trilogy #2),Four,£58.59,In stock
641,A Girl's Guide to Moving On (New Beginnings #2),One,£31.30,In stock
642,A Game of Thrones (A Song of Ice and Fire #1),Two,£46.42,In stock
643,A Feast for Crows (A Song of Ice and Fire #4),Four,£17.21,In stock
644,A Clash of Kings (A Song of Ice and Fire #2),Three,£10.79,In stock
645,Vogue Colors A to Z: A Fashion Coloring Book,Four,£52.35,In stock
646,The Shining (The Shining #1),Three,£27.88,In stock
647,The Pilgrim's Progress,Two,£50.26,In stock
648,The Perfect Play (Play by Play #1),Three,£59.99,In stock
649,The Passion of Dolssa,Five,£28.32,In stock
650,The Jazz of Physics: The Secret Link Between Music and the Structure of the Universe,Three,£38.71,In stock
651,The Hunger Games (The Hunger Games #1),Five,£29.85,In stock
652,The Hound of the Baskervilles (Sherlock Holmes #5),Two,£14.82,In stock
653,The Gunning of America: Business and the Making of American Gun Culture,Four,£16.81,In stock
654,The Geography of Bliss: One Grump's Search for the Happiest Places in the World,Two,£28.23,In stock
655,The Demonists (Demonist #1),Two,£52.11,In stock
656,"The Demon Prince of Momochi House, Vol. 4 (The Demon Prince of Momochi House #4)",Two,£27.88,In stock
657,The Bone Hunters (Lexy Vaughan & Steven Macaulay #2),Three,£59.71,In stock
658,The Beast (Black Dagger Brotherhood #14),Five,£46.08,In stock
659,Some Women,Five,£13.73,In stock
660,Shopaholic Ties the Knot (Shopaholic #3),Five,£48.39,In stock
661,Paper and Fire (The Great Library #2),Five,£49.45,In stock
662,Outlander (Outlander #1),Five,£19.67,In stock
663,"Orchestra of Exiles: The Story of Bronislaw Huberman, the Israel Philharmonic, and the One Thousand Jews He Saved from Nazi Horrors",Three,£12.36,In stock
664,No One Here Gets Out Alive,Five,£20.02,In stock
665,Night Shift (Night Shift #1-20),Four,£12.75,In stock
666,Needful Things,Four,£47.51,In stock
667,Mockingjay (The Hunger Games #3),Four,£20.44,In stock
668,Misery,Two,£34.79,In stock
669,Little Women (Little Women #1),Four,£28.07,In stock
670,It,Three,£25.01,In stock
671,Harry Potter and the Sorcerer's Stone (Harry Potter #1),Three,£13.90,In stock
672,Harry Potter and the Prisoner of Azkaban (Harry Potter #3),Four,£24.17,In stock
673,Harry Potter and the Order of the Phoenix (Harry Potter #5),Four,£31.63,In stock
674,Harry Potter and the Half-Blood Prince (Harry Potter #6),Five,£48.75,In stock
675,Harry Potter and the Chamber of Secrets (Harry Potter #2),One,£14.74,In stock
676,Gone with the Wind,Three,£32.49,In stock
677,God Is Not Great: How Religion Poisons Everything,One,£27.80,In stock
678,Girl With a Pearl Earring,One,£26.77,In stock
679,"Fruits Basket, Vol. 4 (Fruits Basket #4)",Four,£50.44,In stock
680,Far From True (Promise Falls Trilogy #2),Two,£34.93,In stock
681,Dark Lover (Black Dagger Brotherhood #1),One,£12.87,In stock
682,Confessions of a Shopaholic (Shopaholic #1),Two,£48.94,In stock
683,Changing the Game (Play by Play #2),Three,£13.38,In stock
684,Candide,Three,£58.63,In stock
685,Can You Keep a Secret?,One,£21.94,In stock
686,Atlas Shrugged,Five,£26.58,In stock
687,Animal Farm,Three,£57.22,In stock
688,A Walk to Remember,One,£56.43,In stock
689,A New Earth: Awakening to Your Life's Purpose,Five,£55.65,In stock
690,"A History of God: The 4,000-Year Quest of Judaism, Christianity, and Islam",One,£27.62,In stock
691,'Salem's Lot,Four,£49.56,In stock
692,Zero History (Blue Ant #3),One,£34.77,In stock
693,Wuthering Heights,Three,£17.73,In stock
694,World War Z: An Oral History of the Zombie War,One,£21.80,In stock
695,Wild: From Lost to Found on the Pacific Crest Trail,Three,£46.02,In stock
696,"Where'd You Go, Bernadette",One,£18.13,In stock
697,When You Are Engulfed in Flames,Five,£30.89,In stock
698,We the People: The Modern-Day Figures Who Have Reshaped and Affirmed the Founding Fathers' Vision of America,Three,£31.95,In stock
699,We Are All Completely Beside Ourselves,One,£24.04,In stock
700,Walk the Edge (Thunder Road #2),Three,£32.36,In stock
701,Voyager (Outlander #3),Five,£21.07,In stock
702,Very Good Lives: The Fringe Benefits of Failure and the Importance of Imagination,Three,£50.66,In stock
703,Vegan Vegetarian Omnivore: Dinner for Everyone at the Table,Two,£13.66,In stock
704,"Unstuffed: Decluttering Your Home, Mind, and Soul",One,£58.09,In stock
705,Under the Banner of Heaven: A Story of Violent Faith,One,£30.00,In stock
706,Two Boys Kissing,Two,£32.74,In stock
707,Twilight (Twilight #1),Two,£41.93,In stock
708,Twenties Girl,Two,£42.80,In stock
709,"Trespassing Across America: One Man's Epic, Never-Done-Before (and Sort of Illegal) Hike Across the Heartland",One,£53.51,In stock
710,Three-Martini Lunch,Three,£23.21,In stock
711,"Thinking, Fast and Slow",One,£21.14,In stock
712,The Wild Robot,Three,£56.07,In stock
713,"The Wicked + The Divine, Vol. 3: Commercial Suicide (The Wicked + The Divine)",Three,£14.41,In stock
714,The Undomestic Goddess,Four,£45.75,In stock
715,The Travelers,One,£15.77,In stock
716,The Tipping Point: How Little Things Can Make a Big Difference,Two,£10.02,In stock
717,The Thing About Jellyfish,One,£48.77,In stock
718,The Stand,Two,£57.86,In stock
719,The Smitten Kitchen Cookbook,One,£23.59,In stock
720,The Silkworm (Cormoran Strike #2),Five,£23.05,In stock
721,"The Sandman, Vol. 3: Dream Country (The Sandman (volumes) #3)",Five,£55.55,In stock
722,The Rose & the Dagger (The Wrath and the Dawn #2),Four,£58.64,In stock
723,The Road to Little Dribbling: Adventures of an American in Britain (Notes From a Small Island #2),One,£23.21,In stock
724,The Rise of Theodore Roosevelt (Theodore Roosevelt #1),Three,£42.57,In stock
725,The Restaurant at the End of the Universe (Hitchhiker's Guide to the Galaxy #2),One,£10.92,In stock
726,The Rest Is Noise: Listening to the Twentieth Century,One,£34.77,In stock
727,The Red Tent,Five,£35.66,In stock
728,The Purpose Driven Life: What on Earth Am I Here for?,Three,£37.19,In stock
729,The Purest Hook (Second Circle Tattoos #3),One,£12.25,In stock
730,The Picture of Dorian Gray,Two,£29.70,In stock
731,The Paris Wife,Three,£36.80,In stock
732,The Obsession,One,£45.43,In stock
733,The Nightingale,Four,£26.26,In stock
734,The New Guy (and Other Senior Year Distractions),Three,£44.92,In stock
735,The Nanny Diaries (Nanny #1),Five,£52.53,In stock
736,The Name of God is Mercy,Two,£37.25,In stock
737,The Maze Runner (The Maze Runner #1),One,£20.93,In stock
738,The Lover's Dictionary,Two,£58.09,In stock
739,The Lonely Ones,Five,£43.59,In stock
740,The Lean Startup: How Today's Entrepreneurs Use Continuous Innovation to Create Radically Successful Businesses,Three,£33.92,In stock
741,The Last Painting of Sara de Vos,Two,£55.55,In stock
742,"The Land of 10,000 Madonnas",Four,£29.64,In stock
743,The Infinities,One,£27.41,In stock
744,The Husband's Secret,Five,£52.51,In stock
745,The Hitchhiker's Guide to the Galaxy (Hitchhiker's Guide to the Galaxy #1),Three,£47.80,In stock
746,The Guns of August,Two,£14.54,In stock
747,The Guernsey Literary and Potato Peel Pie Society,One,£49.53,In stock
748,The Goldfinch,Three,£43.58,In stock
749,The Giver (The Giver Quartet #1),One,£12.30,In stock
750,The Girl with All the Gifts,Three,£49.47,In stock
751,The Girl Who Played with Fire (Millennium Trilogy #2),Two,£22.14,In stock
752,The Girl Who Kicked the Hornet's Nest (Millennium Trilogy #3),One,£57.48,In stock
753,The Exiled,Three,£43.45,In stock
754,"The End of Faith: Religion, Terror, and the Future of Reason",Four,£22.13,In stock
755,"The Elegant Universe: Superstrings, Hidden Dimensions, and the Quest for the Ultimate Theory",Four,£13.03,In stock
756,"The Disappearing Spoon: And Other True Tales of Madness, Love, and the History of the World from the Periodic Table of the Elements",Five,£57.35,In stock
757,The Devil Wears Prada (The Devil Wears Prada #1),One,£44.29,In stock
758,The Demon-Haunted World: Science as a Candle in the Dark,Four,£52.25,In stock
759,The Day the Crayons Came Home (Crayons),Five,£26.33,In stock
760,The Da Vinci Code (Robert Langdon #2),Two,£22.96,In stock
761,The Cuckoo's Calling (Cormoran Strike #1),One,£19.21,In stock
762,The Complete Stories and Poems (The Works of Edgar Allan Poe [Cameo Edition]),Four,£26.78,In stock
763,The Complete Poems,Five,£41.32,In stock
764,The Catcher in the Rye,One,£24.55,In stock
765,The Cat in the Hat (Beginner Books B-1),Two,£16.26,In stock
766,The Case for Christ (Cases for Christianity),One,£47.84,In stock
767,The Book Thief,Two,£53.49,In stock
768,The Book of Basketball: The NBA According to The Sports Guy,Five,£44.84,In stock
769,The Blind Side: Evolution of a Game,Five,£53.71,In stock
770,The Autobiography of Malcolm X,Two,£23.43,In stock
771,"The Art of Simple Food: Notes, Lessons, and Recipes from a Delicious Revolution",Three,£34.32,In stock
772,The Art of Fielding,One,£22.10,In stock
773,"Surely You're Joking, Mr. Feynman!: Adventures of a Curious Character",Two,£25.83,In stock
774,Stiff: The Curious Lives of Human Cadavers,Three,£36.74,In stock
775,Spilled Milk: Based on a True Story,One,£49.51,In stock
776,Something Borrowed (Darcy & Rachel #1),Five,£48.96,In stock
777,Something Blue (Darcy & Rachel #2),One,£54.62,In stock
778,Soldier (Talon #3),Two,£24.72,In stock
779,Shopaholic & Baby (Shopaholic #5),Two,£46.45,In stock
780,Seven Days in the Art World,Two,£52.33,In stock
781,Seven Brief Lessons on Physics,Four,£30.60,In stock
782,Scarlet (The Lunar Chronicles #2),Four,£14.57,In stock
783,Sarah's Key,One,£46.29,In stock
784,"Saga, Volume 3 (Saga (Collected Editions) #3)",Five,£21.57,In stock
785,Running with Scissors,Four,£12.91,In stock
786,Rogue Lawyer (Rogue Lawyer #1),Three,£50.11,In stock
787,"Rise of the Rocket Girls: The Women Who Propelled Us, from Missiles to the Moon to Mars",Four,£41.67,In stock
788,Rework,Two,£44.88,In stock
789,Reservations for Two,Three,£11.10,In stock
790,Red: The True Story of Red Riding Hood,Three,£28.54,In stock
791,Ready Player One,Four,£19.07,In stock
792,Quiet: The Power of Introverts in a World That Can't Stop Talking,One,£43.55,In stock
793,Prodigy: The Graphic Novel (Legend: The Graphic Novel #2),Three,£43.63,In stock
794,Persepolis: The Story of a Childhood (Persepolis #1-2),One,£39.13,In stock
795,Packing for Mars: The Curious Science of Life in the Void,Two,£56.68,In stock
796,Outliers: The Story of Success,One,£14.16,In stock
797,Original Fake,Three,£31.45,In stock
798,Orange Is the New Black,Two,£24.61,In stock
799,One for the Money (Stephanie Plum #1),Two,£32.87,In stock
800,Notes from a Small Island (Notes From a Small Island #1),One,£40.17,In stock
801,Night (The Night Trilogy #1),One,£13.51,In stock
802,Neither Here nor There: Travels in Europe,Three,£38.95,In stock
803,Naked,Three,£31.69,In stock
804,Morning Star (Red Rising #3),One,£29.40,In stock
805,"Miracles from Heaven: A Little Girl, Her Journey to Heaven, and Her Amazing Story of Healing",One,£57.83,In stock
806,Midnight Riot (Peter Grant/ Rivers of London - books #1),Two,£55.46,In stock
807,Me Talk Pretty One Day,Two,£57.60,In stock
808,Manuscript Found in Accra,Two,£34.98,In stock
809,Lust & Wonder,Two,£11.87,In stock
810,Lila (Gilead #3),Three,£12.47,In stock
811,"Life, the Universe and Everything (Hitchhiker's Guide to the Galaxy #3)",Two,£33.26,In stock
812,Life Without a Recipe,Five,£59.04,In stock
813,Life After Life,Two,£26.13,In stock
814,Letter to a Christian Nation,One,£22.20,In stock
815,Let's Pretend This Never Happened: A Mostly True Memoir,One,£45.11,In stock
816,Legend (Legend #1),Four,£43.69,In stock
817,"Lean In: Women, Work, and the Will to Lead",One,£25.02,In stock
818,"Lamb: The Gospel According to Biff, Christ's Childhood Pal",Five,£55.50,In stock
819,Lady Renegades (Rebel Belle #3),Five,£53.04,In stock
820,Jurassic Park (Jurassic Park #1),One,£44.97,In stock
821,It's Never Too Late to Begin Again: Discovering Creativity and Meaning at Midlife and Beyond,One,£42.38,In stock
822,Is Everyone Hanging Out Without Me? (And Other Concerns),Three,£20.11,In stock
823,Into the Wild,Five,£56.70,In stock
824,Inferno (Robert Langdon #4),Five,£41.00,In stock
825,"In the Garden of Beasts: Love, Terror, and an American Family in Hitler's Berlin",Three,£28.85,In stock
826,If I Run (If I Run #1),Four,£49.97,In stock
827,I've Got Your Number,One,£19.69,In stock
828,I Am Malala: The Girl Who Stood Up for Education and Was Shot by the Taliban,Two,£28.88,In stock
829,Hungry Girl Clean & Hungry: Easy All-Natural Recipes for Healthy Eating in the Real World,Three,£33.14,In stock
830,"House of Lost Worlds: Dinosaurs, Dynasties, and the Story of Life on Earth",Two,£43.70,In stock
831,House of Leaves,One,£54.89,In stock
832,Horrible Bear!,Two,£37.52,In stock
833,Holidays on Ice,Two,£51.07,In stock
834,Heir to the Sky,Four,£44.07,In stock
835,Green Eggs and Ham (Beginner Books B-16),Four,£10.79,In stock
836,"Grayson, Vol 3: Nemesis (Grayson #3)",One,£42.72,In stock
837,Gratitude,Five,£26.66,In stock
838,Gone Girl,Five,£37.60,In stock
839,Golden (Heart of Dread #3),Four,£42.21,In stock
840,Girl in the Blue Coat,Two,£46.83,In stock
841,"Fruits Basket, Vol. 3 (Fruits Basket #3)",Two,£45.17,In stock
842,"Friday Night Lights: A Town, a Team, and a Dream",Three,£51.22,In stock
843,Fire Bound (Sea Haven/Sisters of the Heart #5),Four,£21.28,In stock
844,Fifty Shades Freed (Fifty Shades #3),Five,£15.36,In stock
845,Fellside,One,£38.62,In stock
846,Extreme Prey (Lucas Davenport #26),Three,£25.40,In stock
847,Eragon (The Inheritance Cycle #1),Three,£43.87,In stock
848,Eclipse (Twilight #3),One,£18.74,In stock
849,Dune (Dune #1),One,£54.86,In stock
850,Dracula,Three,£52.62,In stock
851,Do Androids Dream of Electric Sheep? (Blade Runner #1),One,£51.48,In stock
852,Disrupted: My Misadventure in the Start-Up Bubble,Five,£15.28,In stock
853,Dead Wake: The Last Crossing of the Lusitania,Five,£39.24,In stock
854,"David and Goliath: Underdogs, Misfits, and the Art of Battling Giants",One,£17.81,In stock
855,Darkfever (Fever #1),One,£56.02,In stock
856,Dark Places,Five,£23.90,In stock
857,Crazy Rich Asians (Crazy Rich Asians #1),Five,£49.13,In stock
858,Counting Thyme,One,£10.62,In stock
859,Cosmos,Two,£36.17,In stock
860,Civilization and Its Discontents,Two,£59.95,In stock
861,Cinder (The Lunar Chronicles #1),One,£26.09,In stock
862,Catastrophic Happiness: Finding Joy in Childhood's Messy Years,Two,£37.35,In stock
863,Career of Evil (Cormoran Strike #3),Two,£24.72,In stock
864,Breaking Dawn (Twilight #4),Five,£35.28,In stock
865,Brave Enough,Five,£51.32,In stock
866,Boy Meets Boy,Three,£21.12,In stock
867,"Born to Run: A Hidden Tribe, Superathletes, and the Greatest Race the World Has Never Seen",Two,£27.35,In stock
868,Blink: The Power of Thinking Without Thinking,Five,£21.74,In stock
869,Black Flags: The Rise of ISIS,One,£40.87,In stock
870,"Black Butler, Vol. 1 (Black Butler #1)",One,£49.31,In stock
871,Big Little Lies,One,£22.11,In stock
872,Between Shades of Gray,Five,£20.79,In stock
873,Best of My Love (Fool's Gold #20),Two,£27.41,In stock
874,Beowulf,Two,£38.35,In stock
875,Beautiful Creatures (Caster Chronicles #1),Five,£21.55,In stock
876,Awkward,Two,£38.02,In stock
877,Ash,Four,£22.06,In stock
878,Are We There Yet?,Three,£10.66,In stock
879,Are We Smart Enough to Know How Smart Animals Are?,One,£56.58,In stock
880,Annie on My Mind,Five,£36.83,In stock
881,And Then There Were None,Two,£35.01,In stock
882,A Walk in the Woods: Rediscovering America on the Appalachian Trail,Four,£30.48,In stock
883,A Visit from the Goon Squad,Five,£14.08,In stock
884,A Storm of Swords (A Song of Ice and Fire #3),Two,£31.22,In stock
885,A Heartbreaking Work of Staggering Genius,Five,£54.29,In stock
886,8 Keys to Mental Health Through Exercise,One,£31.04,In stock
887,#GIRLBOSS,One,£50.96,In stock
888,"The Suffragettes (Little Black Classics, #96)",Two,£11.89,In stock
889,The Sense of an Ending,Three,£31.38,In stock
890,"The Sandman, Vol. 2: The Doll's House (The Sandman (volumes) #2)",One,£54.81,In stock
891,The Course of Love,Three,£16.78,In stock
892,Sugar Rush (Offensive Line #2),One,£24.42,In stock
893,"Saga, Volume 2 (Saga (Collected Editions) #2)",Three,£11.75,In stock
894,"Run, Spot, Run: The Ethics of Keeping Pets",One,£20.02,In stock
895,New Moon (Twilight #2),Four,£12.86,In stock
896,Life,Five,£31.58,In stock
897,Kindle Paperwhite User's Guide,Three,£34.00,In stock
898,H is for Hawk,Five,£57.42,In stock
899,Girl Online On Tour (Girl Online #2),One,£53.47,In stock
900,"Fruits Basket, Vol. 2 (Fruits Basket #2)",Five,£11.64,In stock
901,Diary of a Minecraft Zombie Book 1: A Scare of a Dare (An Unofficial Minecraft Book),Four,£52.88,In stock
902,"Y: The Last Man, Vol. 1: Unmanned (Y: The Last Man #1)",Four,£18.51,In stock
903,While You Were Mine,Five,£41.32,In stock
904,Where Lightning Strikes (Bleeding Stars #3),Three,£39.77,In stock
905,When I'm Gone,Three,£51.96,In stock
906,Ways of Seeing,Five,£39.51,In stock
907,"Vampire Knight, Vol. 1 (Vampire Knight #1)",One,£15.40,In stock
908,Vampire Girl (Vampire Girl #1),Two,£53.82,In stock
909,Twenty Love Poems and a Song of Despair,Four,£30.95,In stock
910,Travels with Charley: In Search of America,Five,£57.82,In stock
911,Three Wishes (River of Time: California #1),Two,£44.18,In stock
912,This One Moment (Pushing Limits #1),One,£48.71,In stock
913,The Zombie Room,Five,£19.69,In stock
914,"The Wicked + The Divine, Vol. 1: The Faust Act (The Wicked + The Divine)",Two,£36.52,In stock
915,The Tumor,Five,£41.56,In stock
916,The Story of Hong Gildong,Four,£43.19,In stock
917,The Silent Wife,Five,£12.34,In stock
918,The Silent Twin (Detective Jennifer Knight #3),Three,£36.25,In stock
919,The Selfish Gene,One,£29.45,In stock
920,The Secret Healer,Three,£34.56,In stock
921,"The Sandman, Vol. 1: Preludes and Nocturnes (The Sandman (volumes) #1)",Three,£54.12,In stock
922,The Republic,Three,£33.78,In stock
923,The Odyssey,Three,£29.64,In stock
924,The No. 1 Ladies' Detective Agency (No. 1 Ladies' Detective Agency #1),Four,£57.70,In stock
925,The Nicomachean Ethics,One,£36.34,In stock
926,The Name of the Wind (The Kingkiller Chronicle #1),Three,£50.59,In stock
927,The Mirror & the Maze (The Wrath and the Dawn #1.5),One,£29.38,In stock
928,The Little Prince,Two,£45.42,In stock
929,The Light of the Fireflies,One,£54.43,In stock
930,The Last Girl (The Dominion Trilogy #1),Two,£36.26,In stock
931,The Iliad,One,£16.16,In stock
932,The Hook Up (Game On #1),Five,£36.29,In stock
933,The Haters,Five,£27.89,In stock
934,The Girl You Lost,Five,£12.29,In stock
935,The Girl In The Ice (DCI Erika Foster #1),Three,£15.85,In stock
936,The End of the Jesus Era (An Investigation #1),One,£14.40,In stock
937,The Edge of Reason (Bridget Jones #2),Four,£19.18,In stock
938,The Complete Maus (Maus #1-2),Three,£10.64,In stock
939,The Communist Manifesto,Three,£14.76,In stock
940,The Bhagavad Gita,Three,£57.49,In stock
941,The Bette Davis Club,Three,£30.66,In stock
942,The Art of Not Breathing,Four,£40.83,In stock
943,Taking Shots (Assassins #1),Two,£18.88,In stock
944,Starlark,Three,£25.83,In stock
945,"Skip Beat!, Vol. 01 (Skip Beat! #1)",Three,£42.12,In stock
946,Sister Sable (The Mad Queen #1),Three,£13.33,In stock
947,Shatter Me (Shatter Me #1),One,£42.40,In stock
948,Shameless,Three,£58.35,In stock
949,Shadow Rites (Jane Yellowrock #10),Four,£21.72,In stock
950,Settling the Score (The Summer Games #1),Two,£44.91,In stock
951,Sense and Sensibility,One,£37.46,In stock
952,"Saga, Volume 1 (Saga (Collected Editions) #1)",One,£28.48,In stock
953,"Rhythm, Chord & Malykhin",Two,£28.34,In stock
954,"Rat Queens, Vol. 1: Sass & Sorcery (Rat Queens (Collected Editions) #1-5)",Five,£46.96,In stock
955,Paradise Lost (Paradise #1),One,£24.96,In stock
956,"Paper Girls, Vol. 1 (Paper Girls #1-5)",Four,£21.71,In stock
957,"Ouran High School Host Club, Vol. 1 (Ouran High School Host Club #1)",Three,£29.87,In stock
958,Origins (Alphas 0.5),One,£28.99,In stock
959,One Second (Seven #7),Two,£52.94,In stock
960,On the Road (Duluoz Legend),Three,£32.36,In stock
961,Old Records Never Die: One Man's Quest for His Vinyl and His Past,Two,£55.66,In stock
962,Off Sides (Off #1),Five,£39.45,In stock
963,Of Mice and Men,Two,£47.11,In stock
964,Myriad (Prentor #1),Four,£58.75,In stock
965,My Perfect Mistake (Over the Top #1),Two,£38.92,In stock
966,"Ms. Marvel, Vol. 1: No Normal (Ms. Marvel (2014-2015) #1)",Four,£39.39,In stock
967,Meditations,Two,£25.89,In stock
968,Matilda,One,£28.34,In stock
969,Lost Among the Living,Four,£27.70,In stock
970,Lord of the Flies,Three,£24.89,In stock
971,Listen to Me (Fusion #1),Three,£58.99,In stock
972,Kitchens of the Great Midwest,Five,£57.20,In stock
973,Jane Eyre,Five,£38.43,In stock
974,Imperfect Harmony,Four,£34.74,In stock
975,Icing (Aces Hockey #2),Four,£40.44,In stock
976,"Hawkeye, Vol. 1: My Life as a Weapon (Hawkeye #1)",Three,£45.24,In stock
977,Having the Barbarian's Baby (Ice Planet Barbarians #7.5),Four,£34.96,In stock
978,"Giant Days, Vol. 1 (Giant Days #1-4)",Four,£56.76,In stock
979,"Fruits Basket, Vol. 1 (Fruits Basket #1)",Five,£40.28,In stock
980,Frankenstein,Two,£38.00,In stock
981,Forever Rockers (The Rocker #12),Three,£28.80,In stock
982,Fighting Fate (Fighting #6),Three,£39.24,In stock
983,Emma,Two,£32.93,In stock
984,"Eat, Pray, Love",Three,£51.32,In stock
985,Deep Under (Walker Security #1),Five,£47.09,In stock
986,Choosing Our Religion: The Spiritual Lives of America's Nones,Four,£28.42,In stock
987,Charlie and the Chocolate Factory (Charlie Bucket #1),Three,£22.85,In stock
988,Charity's Cross (Charles Towne Belles #4),One,£41.24,In stock
989,Bright Lines,Five,£39.07,In stock
990,Bridget Jones's Diary (Bridget Jones #1),One,£29.82,In stock
991,Bounty (Colorado Mountain #7),Four,£37.26,In stock
992,Blood Defense (Samantha Brinkman #1),Three,£20.30,In stock
993,"Bleach, Vol. 1: Strawberry and the Soul Reapers (Bleach #1)",Five,£34.65,In stock
994,Beyond Good and Evil,One,£43.38,In stock
995,Alice in Wonderland (Alice's Adventures in Wonderland #1),One,£55.53,In stock
996,"Ajin: Demi-Human, Volume 1 (Ajin: Demi-Human #1)",Four,£57.06,In stock
997,A Spy's Devotion (The Regency Spies of London #1),Five,£16.97,In stock
998,1st to Die (Women's Murder Club #1),One,£53.98,In stock
999,"1,000 Places to See Before You Die",Five,£26.08,In stock
